{
  "title": "Bridge_js",
  "packageName": "org.cocos2d.demo",
  "startScene": "a62c01a0-c107-43d3-ae54-39af5c0977c0",
  "excludeScenes": [],
  "includeSDKBox": false,
  "orientation": {
    "landscapeLeft": true,
    "landscapeRight": true,
    "portrait": false,
    "upsideDown": false
  },
  "webOrientation": "auto",
  "inlineSpriteFrames": true,
  "inlineSpriteFrames_native": true,
  "mergeStartScene": false,
  "optimizeHotUpdate": false,
  "md5Cache": false,
  "encryptJs": true,
  "xxteaKey": "872162c4-28ed-4b",
  "zipCompressJs": true,
  "fb-instant-games": {},
  "android": {
    "packageName": "org.cocos2d.demo"
  },
  "ios": {
    "packageName": "org.cocos2d.demo"
  },
  "mac": {
    "packageName": "org.cocos2d.demo"
  },
  "win32": {},
  "android-instant": {
    "REMOTE_SERVER_ROOT": "",
    "host": "",
    "packageName": "org.cocos2d.demo",
    "pathPattern": "",
    "recordPath": "",
    "scheme": "https",
    "skipRecord": false
  },
  "appBundle": false
}
